{
  "n": 100000,
  "rho_mean": 0.926078614946396,
  "rho_std": 0.13122581158962177,
  "rho_median": 0.9435346941059453,
  "K_mean": 1.1151551054617939,
  "K_std": 0.40501397044249193,
  "K_median": 1.0589498569991616,
  "high_corr_pct": 98.072,
  "zero_corr_pct": 1.928,
  "K_valid_pct": 100.0,
  "rho_ci_95": [
    0.9252652699738395,
    0.9268919599189525
  ],
  "K_ci_95": [
    1.1126448060573997,
    1.117665404866188
  ]
}