{
  "datasets": [
    {
      "name": "Original (21)",
      "n": 21,
      "rho_mean": 0.7599720785537981,
      "rho_std": 0.36881664526532304,
      "rho_min": 0.0,
      "rho_max": 0.9588059478242552,
      "rho_median": 0.9387539607037195,
      "K_mean": 1.6234623922803857,
      "K_std": 1.1528585987900082,
      "K_min": 1.0425026394253771,
      "K_max": 4.0,
      "K_median": 1.0641787812281736,
      "high_corr_pct": 80.95238095238095,
      "zero_corr_pct": 19.047619047619047,
      "K_valid_pct": 100.0
    },
    {
      "name": "ABC Triple (23)",
      "n": 23,
      "rho_mean": 0.9050227820897886,
      "rho_std": 0.19368878197458142,
      "rho_min": 0.0,
      "rho_max": 0.9806496853935132,
      "rho_median": 0.9459173789580689,
      "K_mean": 1.1843293182056087,
      "K_std": 0.6005836690134141,
      "K_min": 1.019634807654795,
      "K_max": 4.0,
      "K_median": 1.056358175486564,
      "high_corr_pct": 95.65217391304348,
      "zero_corr_pct": 4.3478260869565215,
      "K_valid_pct": 100.0
    },
    {
      "name": "Extended (300)",
      "n": 300,
      "rho_mean": 0.706234735049961,
      "rho_std": 0.4115871492645141,
      "rho_min": 0.0,
      "rho_max": 0.9918261595176677,
      "rho_median": 0.9408754498094093,
      "K_mean": 1.802285939516255,
      "K_std": 1.2802129778882136,
      "K_min": 1.0082242236892758,
      "K_max": 4.0,
      "K_median": 1.0618536347860896,
      "high_corr_pct": 74.66666666666667,
      "zero_corr_pct": 25.333333333333332,
      "K_valid_pct": 100.0
    }
  ],
  "timestamp": "2025-12-28T03:35:59.214765"
}